No,crop_type,soil_type,month,seed_rate,fertilizer_type,fertilizer_amt,o_fertilizer_type,o_fertilizer_amt,manure_type,manure_amt,insecticide_amt,herbicide_amt,address,temp,rate
1,rainy paddy,ferriasol ,6,35,NPK,100,compound,50,feces,15,60,90,Bago,27,80
2,rainy paddy,ferriasol ,6,36,NPK,120,Compound,50,feces,15,60,90,Bago,27,80
3,rainy paddy,ferriasol ,6,35,NPK,150,Compound,50,feces,15,60,90,Bago,27,85
4,rainy paddy,ferriasol ,6,38,NPK,150,Compound,50,feces,15,60,90,Bago,27,85
5,rainy paddy,ferriasol ,6,40,NPK,100,Compound,50,feces,15,60,90,Bago,27,85
6,rainy paddy,ferriasol ,6,45,NPK,100,Compound,50,feces,,44,90,Bago,27,85
7,rainy paddy,ferriasol ,6,40,NPK,100,Compound,50,Feces,,44,90,Bago,25,90
8,rainy paddy,ferriasol ,6,45,NPK,150,COMPOUND,50,Feces,15,44,90,Bago,25,90
9,rainy paddy,ferriasol ,6,45,NPK,150,COMPOUND,50,fEces,15,44,60,Bago,25,90
10,rainy paddy,ferriasol ,6,45,NPK,120,COMPOUND,50,F eces,15,44,60,Bago,25,80
11,rainy paddy,ferriasol ,6,35,npk,120,COMPOUND,50,Feces,15,36,60,Bago,25,80
12,rainy paddy,ferriasol ,6,3,compound,50,npk,120,Feces,15,36,60,Bago,29,80
13,rainy paddy,ferriasol ,6,35,compound,50,npk,150,Feces,20,36,60,Bago,29,80
14,rainy paddy,ferriasol ,6,40,npk,100,Compound,50,Feces,20,36,60,Bago,29,80
15,rainy paddy,ferriasol ,6,48,compound,50,npk,150,Feces,20,36,0,Bago,29,85
16,rainy paddy,ferriasol ,6,38,Npk,100,ComPound,50,,,36,0,Bago,29,85
17,rainy paddy,ferriasol ,6,45,Npk,100,ComPound,50,,,18,0,Bago,29,85
18,rainy paddy,ferriasol ,6,45,Npk,1000,ComPound,50,,,18,0,Bago,29,85
19,rainy paddy,ferriasol ,6,40,NPK,130,ComPound,50,Feces,15,18,0,Bago,29,85
20,rainy paddy,ferriasol ,6,40,NPK,130,Cmpd,50,Feces,15,18,0,Bago,29,85
21,rainy paddy,ferriasol ,6,40,nPK,130,Compund,50,Feces,15,18,0,Bago,29,90
22,rainy paddy,ferriasol ,6,38,nPK,100,Compund,50,Feces,20,18,0,Bago,29,90
23,rainy paddy,ferriasol ,6,38,nPK,100,Compund,50,Feces,20,18,0,Bago,28,90
24,rainy paddy,ferriasol ,6,38,NpK,100,Compund,50,Feces,20,62,80,Bago,28,90
25,rainy paddy,ferriasol ,6,45,NpK,100,Compund,50,feces,20,62,80,Bago,28,90
26,rainy paddy,ferriasol ,6,45,NpK,150,COMPOUND,50,feces,115,62,80,Bago,28,90
27,rainy paddy,ferriasol ,6,45,NpK,150,COMPOUND,50,feces,15,62,80,Bago,28,100
28,rainy paddy,ferriasol ,6,40,,150,COMPOUND,50,feces,15,62,90,Bago,28,100
29,rainy paddy,ferriasol ,6,40,,150,COMPOUND,50,feces,,62,90,Bago,28,100
30,rainy paddy,ferriasol ,6,300,Npk,130,COMPOUND,50,feces,20,62,90,Bago,28,100
31,rainy paddy,ferriasol ,6,38,Npk,130,COMPOUND,50,feces,20,62,90,Bago,28,100
32,rainy paddy,ferriasol ,6,34,Npk,130,COMPOUND,50,feces,20,62,90,Bago,28,100
33,rainy paddy,ferriasol ,6,48,Npk,130,Compoun d,50,feces,20,62,90,Bago,28,100
34,rainy paddy,ferriasol ,6,50,Npk,150,Compoun d,50,feces,20,62,90,Bago,27,100
35,summer paddy,ferriasol ,11,35,NPK,150,COMPOUND,50,,,62,0,Bago,27,95
36,summer paddy,ferriasol ,11,35,NPK,150,COMPOUND,50,,0,62,0,Bago,28,95
37,summer paddy,ferriasol ,11,35,NPK,120,COMPOUND,50,feces,0,62,0,Bago,28,95
38,summer paddy,ferriasol ,11,35,npk,120,COMPOUND,50,feces,0,62,90,Bago,28,95
39,summer paddy,ferriasol ,11,35,compound,50,npk,100,feces,0,62,90,Bago,28,95
40,summer paddy,ferriasol ,11,35,compound,50,npk,100,feces,0,62,90,Bago,28,95
41,summer paddy,ferriasol ,11,40,npk,100,Compound,50,feces,0,70,90,Bago,26,100
42,summer paddy,ferriasol ,11,40,compound,50,npk,,feces,15,70,90,Bago,26,100
43,summer paddy,ferriasol ,11,40,Npk,120,ComPound,,,,62,90,Bago,26,100
44,summer paddy,ferriasol ,11,40,Npk,120,ComPound,,,,62,90,Bago,26,100
45,summer paddy,ferriasol ,11,40,Npk,120,COMPOUND,50,feces,15,62,90,Bago,28,100
46,summer paddy,ferriasol ,11,40,NPK,120,COMPOUND,50,feces,15,62,95,Bago,28,100
47,summer paddy,ferriasol ,11,40,NPK,120,COMPOUND,50,feces,15,70,95,Bago,28,100
48,summer paddy,ferriasol ,11,40,NPK,150,COMPOUND,50,feces,15,70,95,Bago,28,110
49,summer paddy,ferriasol ,11,40,NPK,150,npk,120,feces,15,62,95,Bago,28,110
50,summer paddy,ferriasol ,11,35,NPK,150,npk,120,,,62,950,Bago,28,110
51,summer paddy,ferriasol ,11,35,npk,150,Compound,50,feces,0,62,950,Bago,27,110
52,summer paddy,ferriasol ,11,35,compound,1000,npk,150,feces,0,62,950,Bago,27,110
53,summer paddy,ferriasol ,11,35,compound,5000,ComPound,50,feces,0,70,80,Bago,27,105
54,summer paddy,ferriasol ,11,35,npk,130,ComPound,50,feces,0,70,80,Bago,27,105
55,summer paddy,ferriasol ,11,35,compound,50,npk,120,feces,0,44,0,Bago,27,105
56,rainy paddy,fluvisols,6,48,NPK,75,Compound,50,biocomposer,1,60,80,Ayeyarwady,29,50
57,rainy paddy,fluvisols,6,48,NPK,75,Compound,50,biocomposer,1,60,80,Ayeyarwady,29,50
58,rainy paddy,fluvisols,6,48,NPK,75,Compound,50,biocomposer,1,60,80,Ayeyarwady,29,50
59,rainy paddy,fluvisols,6,48,NPK,75,Compound,50,biocomposer,1,60,80,Ayeyarwady,29,50
60,rainy paddy,fluvisols,6,48,NPK,75,Compound,50,biocomposer,1.5,60,80,Ayeyarwady,29,50
61,rainy paddy,fluvisols,6,50,NPK,75,Compound,,biocomposer,1.5,60,80,Ayeyarwady,29,70
62,rainy paddy,Fluvisols,6,50,NPK,75,Compound,,biocomposer,1.5,60,80,Ayeyarwady,30,70
63,rainy paddy,Fluvisols,6,50,NPK,75,Compound,500,,1.5,55,80,Ayeyarwady,30,70
64,rainy paddy,Fluvisols,6,50,NPK,75,Compound,500,Biocomposer,150,55,80,Ayeyarwady,30,70
65,rainy paddy,Fluvisols,6,50,NPK,75,Compound,45,Biocomposer,150,55,75,Ayeyarwady,35,70
66,rainy paddy,Fluvisols,6,48,NPK,75,Compound,500,Biocomposer,150,55,75,Ayeyarwady,35,80
67,rainy paddy,Fluvisols,6,48,NPK,75,Compound,,Biocomposer,1,55,75,Ayeyarwady,35,80
68,rainy paddy,Fluvisols,6,48,NPK,75,compound,50,BIOCOMPOSER,1,55,75,Ayeyarwady,35,80
69,rainy paddy,F luvisols,6,48,NPK,75,c ompound,50,BIOCOMPOSER,1,55,75,Ayeyarwady,35,80
70,rainy paddy,F luvisols,6,48,NPK,75,cOmpound,50,BIOCOMPOSER,1,62,75,Ayeyarwady,35,45
71,rainy paddy,F luvisols,6,48,NPK,75,compound,50,BIOCOMPOSER,1.5,62,75,Ayeyarwady,35,45
72,rainy paddy,F luvisols,6,50,NPK,75,compound,50,BIOCOMPOSER,1.5,62,80,Ayeyarwady,35,45
73,rainy paddy,fluvisols,6,500,NPK,75,compound,50,biocomposer,1.5,62,80,Ayeyarwady,32,45
74,rainy paddy,fluvisols,6,50,NPK,75,compound,50,biocomposer,1.5,60,80,Ayeyarwady,32,70
75,rainy paddy,fluvisols,6,50,NPK,75,compound,50,biocomposer,1.5,60,80,Ayeyarwady,32,70
76,rainy paddy,fluvisols,6,50,NPK,75,compound,50,biocomposer,1.5,60,80,Ayeyarwady,32,70
77,rainy paddy,fluvisols,6,50,NPK,75,compound,50,biocomposer,1.5,60,80,Ayeyarwady,32,70
78,summer paddy,fluvisols,11,32,NPK,180,compound,50,biocomposer,1,62,80,Ayeyarwady,32,100
79,summer paddy,fluvisols,11,32,NPK,180,compound,50,biocomposer,1,62,80,Ayeyarwady,32,100
80,summer paddy,fluvisols,11,32,npk,180,compound,50,biocomposer,1,62,80,Ayeyarwady,32,100
81,summer paddy,fluvisols,11,32,Npk,180,compound,50,biocomposer,1,62,80,Ayeyarwady,32,90
82,summer paddy,fluvisols,11,32,NPK,185,compound,50,biocomposer,1,62,80,Ayeyarwady,32,90
83,summer paddy,fluvisols,11,32,npk,185,compound,50,biocomposer,1,62,80,Ayeyarwady,32,90
84,summer paddy,fluvisols,11,32,npk,185,compound,50,biocomposer,1,62,75,Ayeyarwady,28,90
85,summer paddy,fluvisols,11,32,npk,185,compound,0,biocomposer,,60,75,Ayeyarwady,28,95
86,summer paddy,fluvisols,11,32,npk,190,Compound,0,BIOcomposer,,60,75,Ayeyarwady,28,95
87,summer paddy,fluvisols,11,30,npk,190,COmpound,0,BIOcomposer,1.5,60,75,Ayeyarwady,28,95
88,summer paddy,fluvisols,11,30,npk,190,Compound,0,BIOcomposer,1.5,60,75,Ayeyarwady,28,95
89,summer paddy,fluvisols,11,30,npk,190,Compound,,BIOcomposer,1.5,60,75,Ayeyarwady,28,80
90,summer paddy,fluvisols,11,30,npk,190,Compound,,BIOcomposer,1.5,55,75,Ayeyarwady,29,80
91,summer paddy,fluvisols,11,30,npk,195,Compound,50,BIOcomposer,1.5,55,80,Ayeyarwady,29,80
92,summer paddy,fluvisols,11,30,npk,195,Compound,50,BIOcomposer,1.5,55,80,Ayeyarwady,29,80
93,summer paddy,fluvisols,11,30,NPK,195,Compound,50,biocomposer,1.5,55,80,Ayeyarwady,29,85
94,summer paddy,fluvisols,11,32,NPK,195,Cmpd,50,biocomposer,,55,80,Ayeyarwady,29,85
95,summer paddy,fluvisols,11,32,NPK,195,Cmpd,50,biocomposer,1,58,80,Ayeyarwady,29,85
96,summer paddy,fluvisols,11,32,NPK,200,Cmpd,50,biocomposer,1,58,80,Ayeyarwady,29,70
97,summer paddy,fluvisols,11,32,NPK,200,Cmpd,50,biocomposer,1,58,78,Ayeyarwady,29,70
98,summer paddy,fluvisols,11,32,npk,200,Cmpd,50,biocomposer,1,58,78,Ayeyarwady,29,70
99,summer paddy,fluvisols,11,32,npk,200,Cmpd,50,biocomposer,1,58,78,Ayeyarwady,29,70
100,Maize,vertisols,7,5,Urea,100,Compound,100,greenmanure,1,0.5,0,Mandalay,25,100
101,Maize,vertisols,7,5,Urea,100,Compound,100,greenmanure,1,0.5,0,Mandalay,25,100
102,Maize,vertisols,7,5,urea,100,Compound,100,greenmanure,1,0.5,0,Mandalay,25,100
103,Maize,vertisols,7,5,Urea,100,Compound,100,greenmanure,1.5,0.5,0,Mandalay,25,100
104,Maize,vertisols,7,5,Urea,100,Compound,100,greenmanure,1.5,0.5,0,Mandalay,25,100
105,Maize,vertisols,7,5,urea,100,Compound,100,greenmanure,1.5,0.5,0,Mandalay,25,100
106,Maize,vertisols,7,5,urea,100,Compound,100,greenmanure,1.5,0.5,0,Mandalay,25,100
107,Maize,vertisols,7,5,urea,100,Compound,95,greenmanure,1.5,0.5,0,Mandalay,25,100
108,Maize,vertisols,7,5,urea,100,Cmpd,95,greenmanure,1.5,0.5,0,Mandalay,25,95
109,Maize,vertisols,7,5,Urea,100,Cmpd,95,greenmanure,1,0.5,0,Mandalay,25,95
110,Maize,vertisols,7,5,urea,100,Cmpd,95,biocomposer,1,0.5,0,Mandalay,25,95
111,Maize,vertisols,7,5,URea,,Cmpd,95,biocomposer,1,0.5,0,Mandalay,25,95
112,Maize,vertisols,7,5,urea,,Cmpd,95,biocomposer,1,0.5,0,Mandalay,25,95
113,Maize,vertisols,7,5,urea,,Cmpd,100,biocomposer,1,0.5,0,Mandalay,25,95
114,Maize,vertisols,7,,urea,100,Cmpd,100,biocomposer,1,0.5,0,Mandalay,25,95
115,Maize,vertisols,7,5,Urea,100,Cmpd,100,biocomposer,1,0.5,0,Mandalay,25,100
116,Maize,vertisols,7,5,Urea,100,Cmpd,100,greenmanure,1,0.5,0,Mandalay,25,100
117,Maize,vertisols,7,5,Urea,100,compound,100,greenmanure,1,0.5,0,Mandalay,25,100
118,Maize,vertisols,7,5,urea,100,C ompound,100,greenmanure,1,0.5,0,Mandalay,25,100
119,Maize,vertisols,7,5,urea,100,C ompound,,greenmanure,1,0.5,0,Mandalay,25,100
120,Maize,vertisols,7,5,URea,100,C ompound,95,greenmanure,1,0.5,0,Mandalay,25,100
121,Maize,vertisols,7,5,URea,100,C ompound,95,greenmanure,1,0.5,0,Mandalay,25,100
122,Maize,vertisols,7,5,urea,100,compound,95,greenmanure,1,0.5,0,Mandalay,25,95
123,Maize,vertisols,7,5,urea,100,compound,95,greenmanure,1,0.5,0,Mandalay,25,95
124,Maize,vertisols,7,5,Urea,100,compound,95,greenmanure,1,0.5,0,Mandalay,25,95
125,Maize,Acrisols,7,15,NPK,50,urea,50,nth,0,0.5,0,Shan,19,50
126,Maize,Acrisols,7,15,NPK,50,Urea ,50,nth,0,0.5,0,Shan,19,50
127,Maize,Acrisols,7,15,NPK,50,Urea,50,nth,0,0.5,0,Shan,19,50
128,Maize,Acrisols,7,15,NPK,50,u rea,50,nth,0,0.5,0,Shan,19,50
129,Maize,acrisol,7,15,NPK,50,urea,50,nth,0,0.5,0,Shan,19,50
130,Maize,acrisol,7,15,NPK,50,Urea ,50,nth,0,0.5,0,Shan,19,50
131,Maize,acrisol,7,15,NPK,50,Urea,50,nth,0,0.5,0,Shan,19,50
132,Maize,acrisol,7,15,NPK,50,u rea,50,nth,0,0.5,0,Shan,19,50
133,Maize,acrisol,7,15,NPK,50,urea,50,nth,0,0.5,0,Shan,19,45
134,Maize,acrisol,7,15,NPK,50,Urea ,50,nth,0,0.5,0,Shan,19,45
135,Maize,acrisol,7,15,NPK,50,Urea,50,nth,0,0.5,0,Shan,,45
136,Maize,acrisol,7,15,NPK,50,u rea,50,nth,0,0.5,0,Shan,,45
137,Maize,acrisol,7,15,,50,urea,50,nth,0,0.5,0,Shan,,45
138,Maize,a crisol,7,15,,50,Urea ,50,nth,0,0.5,0,Shan,19,55
139,Maize,a crisol,7,15,npk,50,Urea,50,nothing,0,0.5,0,Shan,19,45
140,Maize,Acrisols,7,15,npk,50,u rea,50,nothing,0,0.5,0,Shan,19,50
141,Maize,Acrisols,7,15,npk,50,urea,50,nothing,0,0.5,0,Shan,19,50
142,Maize,Acrisols,7,15,npk,50,Urea ,50,nothing,0,0.5,0,Shan,19,50
143,Maize,Acrisols,,15,npk,50,Urea,50,nothing,0,0.5,0,Shan,19,48
144,Maize,Acrisols,7,15,npk,50,u rea,50,nothing,0,0.5,0,Shan,19,48
145,Maize,Acrisols,7,15,npk,50,urea,50,nothing,0,0.5,0,Shan,19,48
146,Maize,Acrisols,7,15,npk,50,Urea ,50,nothing,0,0.5,0,Shan,19,55
147,Maize,Acrisols,7,15,NpK,50,Urea,50,nothing,0,0.5,0,Shan,19,55
148,Maize,Acrisols,7,15,NpK,50,u rea,50,nothing,0,0.5,0,Shan,19,55
149,Maize,Acrisols,7,15,NpK,50,urea,50,nothing,0,0.5,0,Shan,19,55
150,Maize,Acrisols,7,15,NpK,50,Urea ,50,nothing,0,0.5,0,Shan,19,55
151,summer paddy,fluvisols,11,30,npk,190,Compound,,BIOcomposer,1.5,55,75,Ayeyarwady,29,80
152,summer paddy,fluvisols,11,30,npk,195,Compound,50,BIOcomposer,1.5,55,80,Ayeyarwady,29,80
153,summer paddy,fluvisols,11,30,npk,195,Compound,50,BIOcomposer,1.5,55,80,Ayeyarwady,29,80
154,Maize,Acrisols,7,15,npk,50,urea,50,nothing,0,0.5,0,Shan,19,48
155,Maize,Acrisols,7,15,npk,50,Urea ,50,nothing,0,0.5,0,Shan,19,55
156,Maize,Acrisols,7,15,NpK,50,Urea,50,nothing,0,0.5,0,Shan,19,55
157,Maize,acrisol,7,15,NPK,50,Urea ,50,nth,0,0.5,0,Shan,19,45
158,Maize,acrisol,7,15,NPK,50,Urea,50,nth,0,0.5,0,Shan,,45
159,Maize,acrisol,7,15,NPK,50,u rea,50,nth,0,0.5,0,Shan,,45
160,Maize,acrisol,7,15,,50,urea,50,nth,0,0.5,0,Shan,,45
161,Maize,a crisol,7,15,,50,Urea ,50,nth,0,0.5,0,Shan,19,55
162,rainy paddy,ferriasol ,6,40,NPK,100,Compound,50,feces,15,60,90,Bago,27,85
163,rainy paddy,ferriasol ,6,45,NPK,100,Compound,50,feces,0,44,90,Bago,27,85
164,rainy paddy,ferriasol ,6,40,NPK,100,Compound,50,Feces,,44,90,Bago,25,90
165,rainy paddy,ferriasol ,6,45,NPK,150,COMPOUND,50,Feces,15,44,90,Bago,25,90
166,rainy paddy,ferriasol ,6,45,NPK,150,COMPOUND,50,fEces,15,44,60,Bago,25,90
167,rainy paddy,ferriasol ,6,45,NPK,120,COMPOUND,50,F eces,15,44,60,Bago,25,80
168,rainy paddy,ferriasol ,6,35,npk,120,COMPOUND,50,Feces,15,36,60,Bago,25,80
169,rainy paddy,ferriasol ,6,3,compound,50,npk,120,Feces,15,36,60,Bago,29,80
170,Maize,acrisol,7,15,NPK,50,u rea,50,nth,0,0.5,0,Shan,,45
171,Maize,acrisol,7,15,,50,urea,50,nth,0,0.5,0,Shan,,45
172,Maize,a crisol,7,15,,50,Urea ,50,nth,0,0.5,0,Shan,19,55
173,rainy paddy,ferriasol ,6,40,NPK,100,Compound,50,feces,15,60,90,Bago,27,85
174,rainy paddy,ferriasol ,6,45,NPK,100,Compound,50,feces,0,44,90,Bago,27,85
175,summer paddy,fluvisols,11,32,Npk,180,compound,50,biocomposer,1,62,80,Ayeyarwady,32,90
176,summer paddy,fluvisols,11,32,NPK,185,compound,50,biocomposer,1,62,80,Ayeyarwady,32,90
177,summer paddy,fluvisols,11,32,npk,185,compound,50,biocomposer,1,62,80,Ayeyarwady,32,90
178,rainy paddy,ferriasol ,6,35,NPK,100,compound,50,feces,15,60,90,Bago,27,65
179,rainy paddy,ferriasol ,6,36,NPK,120,Compound,50,feces,15,60,90,Bago,27,65
180,rainy paddy,ferriasol ,6,35,NPK,150,Compound,50,feces,15,60,90,Bago,27,65
181,rainy paddy,ferriasol ,6,38,NPK,150,Compound,50,feces,15,60,90,Bago,27,65
182,rainy paddy,ferriasol ,6,40,NPK,100,Compound,50,feces,15,60,90,Bago,27,65
183,rainy paddy,ferriasol ,6,45,NPK,100,Compound,50,feces,,44,90,Bago,27,65
184,rainy paddy,ferriasol ,6,40,NPK,100,Compound,50,Feces,,44,90,Bago,25,60
185,rainy paddy,ferriasol ,6,45,NPK,150,COMPOUND,50,Feces,15,44,90,Bago,25,60
186,rainy paddy,ferriasol ,6,45,NPK,150,COMPOUND,50,fEces,15,44,60,Bago,25,60
187,rainy paddy,ferriasol ,6,45,NPK,120,COMPOUND,50,F eces,15,44,60,Bago,25,60
188,rainy paddy,ferriasol ,6,35,npk,120,COMPOUND,50,Feces,15,36,60,Bago,25,60
189,rainy paddy,ferriasol ,6,3,compound,50,npk,120,Feces,15,36,60,Bago,29,60
190,rainy paddy,ferriasol ,6,35,compound,50,npk,150,Feces,20,36,60,Bago,29,60
191,rainy paddy,ferriasol ,6,40,npk,100,Compound,50,Feces,20,36,60,Bago,29,60
192,rainy paddy,ferriasol ,6,48,compound,50,npk,150,Feces,20,36,0,Bago,29,55
193,rainy paddy,ferriasol ,6,38,Npk,100,ComPound,50,,,36,0,Bago,29,55
194,rainy paddy,ferriasol ,6,45,Npk,100,ComPound,50,,,18,0,Bago,29,55
195,rainy paddy,ferriasol ,6,45,Npk,1000,ComPound,50,,,18,0,Bago,29,55
196,rainy paddy,ferriasol ,6,40,NPK,130,ComPound,50,Feces,15,18,0,Bago,29,55
197,rainy paddy,ferriasol ,6,40,NPK,130,Cmpd,50,Feces,15,18,0,Bago,29,55
198,rainy paddy,ferriasol ,6,40,nPK,130,Compund,50,Feces,15,18,0,Bago,29,55
199,rainy paddy,ferriasol ,6,38,nPK,100,Compund,50,Feces,20,18,0,Bago,29,55
200,rainy paddy,ferriasol ,6,38,nPK,100,Compund,50,Feces,20,18,0,Bago,28,55
201,rainy paddy,ferriasol ,6,38,NpK,100,Compund,50,Feces,20,62,80,Bago,28,55
202,rainy paddy,ferriasol ,6,45,NpK,100,Compund,50,feces,20,62,80,Bago,28,70
203,rainy paddy,ferriasol ,6,45,NpK,150,COMPOUND,50,feces,115,62,80,Bago,28,70
204,rainy paddy,ferriasol ,6,45,NpK,150,COMPOUND,50,feces,15,62,80,Bago,28,70
205,rainy paddy,ferriasol ,6,40,,150,COMPOUND,50,feces,15,62,90,Bago,28,70
206,rainy paddy,ferriasol ,6,40,,150,COMPOUND,50,feces,,62,90,Bago,28,70
207,rainy paddy,ferriasol ,6,300,Npk,130,COMPOUND,50,feces,20,62,90,Bago,28,70
208,rainy paddy,ferriasol ,6,38,Npk,130,COMPOUND,50,feces,20,62,90,Bago,28,70
209,rainy paddy,ferriasol ,6,34,Npk,130,COMPOUND,50,feces,20,62,90,Bago,28,70
210,rainy paddy,ferriasol ,6,48,Npk,130,Compoun d,50,feces,20,62,90,Bago,28,70
211,rainy paddy,ferriasol ,6,50,Npk,150,Compoun d,50,feces,20,62,90,Bago,27,70
212,summer paddy,ferriasol ,11,35,NPK,150,COMPOUND,50,,,62,0,Bago,27,55
213,summer paddy,ferriasol ,11,35,NPK,150,COMPOUND,50,,0,62,0,Bago,28,55
214,summer paddy,ferriasol ,11,35,NPK,120,COMPOUND,50,feces,0,62,0,Bago,28,55
215,summer paddy,ferriasol ,11,35,npk,120,COMPOUND,50,feces,0,62,90,Bago,28,55
216,summer paddy,ferriasol ,11,35,compound,50,npk,100,feces,0,62,90,Bago,28,95
217,summer paddy,ferriasol ,11,35,compound,50,npk,100,feces,0,62,90,Bago,28,95
218,summer paddy,ferriasol ,11,40,npk,100,Compound,50,feces,0,70,90,Bago,26,95
219,summer paddy,ferriasol ,11,40,compound,50,npk,,feces,15,70,90,Bago,26,95
220,summer paddy,ferriasol ,11,40,Npk,120,ComPound,,,,62,90,Bago,26,95
221,summer paddy,ferriasol ,11,40,Npk,120,ComPound,,,,62,90,Bago,26,95
222,summer paddy,ferriasol ,11,40,Npk,120,COMPOUND,50,feces,15,62,90,Bago,28,95
223,summer paddy,ferriasol ,11,40,NPK,120,COMPOUND,50,feces,15,62,95,Bago,28,95
224,summer paddy,ferriasol ,11,40,NPK,120,COMPOUND,50,feces,15,70,95,Bago,28,95
225,summer paddy,ferriasol ,11,40,NPK,150,COMPOUND,50,feces,15,70,95,Bago,28,95
226,summer paddy,ferriasol ,11,40,NPK,150,npk,120,feces,15,62,95,Bago,28,95
227,summer paddy,ferriasol ,11,35,NPK,150,npk,120,,,62,950,Bago,28,110
228,summer paddy,ferriasol ,11,35,npk,150,Compound,50,feces,0,62,950,Bago,27,110
229,summer paddy,ferriasol ,11,35,compound,1000,npk,150,feces,0,62,950,Bago,27,110
230,summer paddy,ferriasol ,11,35,compound,5000,ComPound,50,feces,0,70,80,Bago,27,105
231,summer paddy,ferriasol ,11,35,npk,130,ComPound,50,feces,0,70,80,Bago,27,105
232,summer paddy,ferriasol ,11,35,compound,50,npk,120,feces,0,44,0,Bago,27,105
233,Maize,vertisols,7,5,URea,100,C ompound,95,greenmanure,1,0.5,0,Mandalay,25,100
234,Maize,vertisols,7,5,urea,100,compound,95,greenmanure,1,0.5,0,Mandalay,25,95
235,Maize,vertisols,7,5,urea,100,compound,95,greenmanure,1,0.5,0,Mandalay,25,95
236,Maize,vertisols,7,5,Urea,100,compound,95,greenmanure,1,0.5,0,Mandalay,25,95
237,Maize,Acrisols,7,15,NPK,50,urea,50,nth,0,0.5,0,Shan,19,50
238,Maize,Acrisols,7,15,NPK,50,Urea ,50,nth,0,0.5,0,Shan,19,50
239,Maize,Acrisols,7,15,NPK,50,Urea,50,nth,0,0.5,0,Shan,19,50
240,Maize,Acrisols,7,15,NPK,50,u rea,50,nth,0,0.5,0,Shan,19,50
241,Maize,acrisol,7,15,NPK,50,urea,50,nth,0,0.5,0,Shan,19,50
242,Maize,acrisol,7,15,NPK,50,Urea ,50,nth,0,0.5,0,Shan,19,50
243,Maize,acrisol,7,15,NPK,50,Urea,50,nth,0,0.5,0,Shan,19,50
244,Maize,acrisol,7,15,NPK,50,u rea,50,nth,0,0.5,0,Shan,19,50
245,Maize,acrisol,7,15,NPK,50,urea,50,nth,0,0.5,0,Shan,19,45
246,Maize,acrisol,7,15,NPK,50,Urea ,50,nth,0,0.5,0,Shan,19,45
247,Maize,acrisol,7,15,NPK,50,Urea,50,nth,0,0.5,0,Shan,,45
248,Maize,acrisol,7,15,NPK,50,u rea,50,nth,0,0.5,0,Shan,,45
249,Maize,acrisol,7,15,,50,urea,50,nth,0,0.5,0,Shan,,45
250,Maize,a crisol,7,15,,50,Urea ,50,nth,0,0.5,0,Shan,19,55
251,Maize,a crisol,7,15,npk,50,Urea,50,nothing,0,0.5,0,Shan,19,45
252,Maize,Acrisols,7,15,npk,50,u rea,50,nothing,0,0.5,0,Shan,19,50
253,Maize,Acrisols,7,15,npk,50,urea,50,nothing,0,0.5,0,Shan,19,50
254,Maize,Acrisols,7,15,npk,50,Urea ,50,nothing,0,0.5,0,Shan,19,50
255,Maize,Acrisols,,15,npk,50,Urea,50,nothing,0,0.5,0,Shan,19,48
256,Maize,Acrisols,7,15,npk,50,u rea,50,nothing,0,0.5,0,Shan,19,48
257,Maize,Acrisols,7,15,npk,50,urea,50,nothing,0,0.5,0,Shan,19,48
258,Maize,Acrisols,7,15,npk,50,Urea ,50,nothing,0,0.5,0,Shan,19,55
259,Maize,Acrisols,7,15,NpK,50,Urea,50,nothing,0,0.5,0,Shan,19,55
260,Maize,Acrisols,7,15,NpK,50,u rea,50,nothing,0,0.5,0,Shan,19,55
261,Maize,Acrisols,7,15,NpK,50,urea,50,nothing,0,0.5,0,Shan,19,55
262,Maize,Acrisols,7,15,NpK,50,Urea ,50,nothing,0,0.5,0,Shan,19,55
263,Maize,a crisol,7,15,,50,Urea ,50,nth,0,0.5,0,Shan,19,55
264,rainy paddy,ferriasol ,6,40,NPK,100,Compound,50,feces,15,60,90,Bago,27,85
265,rainy paddy,ferriasol ,6,45,NPK,100,Compound,50,feces,0,44,90,Bago,27,85
266,rainy paddy,ferriasol ,6,40,NPK,100,Compound,50,Feces,,44,90,Bago,25,90
267,rainy paddy,ferriasol ,6,45,NPK,150,COMPOUND,50,Feces,15,44,90,Bago,25,90
268,rainy paddy,ferriasol ,6,45,NPK,150,COMPOUND,50,fEces,15,44,60,Bago,25,90
269,Maize,Acrisols,7,15,npk,50,u rea,50,nothing,0,0.5,0,Shan,19,50
270,Maize,Acrisols,7,15,npk,50,urea,50,nothing,0,0.5,0,Shan,19,50
271,Maize,Acrisols,7,15,npk,50,Urea ,50,nothing,0,0.5,0,Shan,19,50
272,Maize,Acrisols,,15,npk,50,Urea,50,nothing,0,0.5,0,Shan,19,48
273,Maize,Acrisols,7,15,npk,50,u rea,50,nothing,0,0.5,0,Shan,19,48
274,Maize,Acrisols,7,15,npk,50,urea,50,nothing,0,0.5,0,Shan,19,48
275,Maize,Acrisols,7,15,NPK,50,u rea,50,nth,0,0.5,0,Shan,19,50
276,Maize,acrisol,7,15,NPK,50,urea,50,nth,0,0.5,0,Shan,19,50
277,Maize,acrisol,7,15,NPK,50,Urea ,50,nth,0,0.5,0,Shan,19,50
278,Maize,acrisol,7,15,NPK,50,Urea,50,nth,0,0.5,0,Shan,19,50
279,Maize,acrisol,7,15,NPK,50,u rea,50,nth,0,0.5,0,Shan,19,50
280,Maize,acrisol,7,15,NPK,50,urea,50,nth,0,0.5,0,Shan,19,45
281,Maize,acrisol,7,15,NPK,50,Urea ,50,nth,0,0.5,0,Shan,19,45
282,Maize,acrisol,7,15,NPK,50,Urea,50,nth,0,0.5,0,Shan,,45
283,rainy paddy,ferriasol ,6,40,NPK,100,Compound,50,Feces,,44,90,Bago,25,90
284,rainy paddy,ferriasol ,6,45,NPK,150,COMPOUND,50,Feces,15,44,90,Bago,25,90
285,rainy paddy,ferriasol ,6,45,NPK,150,COMPOUND,50,fEces,15,44,60,Bago,25,90
286,Maize,Acrisols,7,15,npk,50,u rea,50,nothing,0,0.5,0,Shan,19,50
287,Maize,Acrisols,7,15,npk,50,urea,50,nothing,0,0.5,0,Shan,19,50
288,Maize,Acrisols,7,15,npk,50,Urea ,50,nothing,0,0.5,0,Shan,19,50
289,Maize,Acrisols,,15,npk,50,Urea,50,nothing,0,0.5,0,Shan,19,48
290,rainy paddy,ferriasol ,6,45,NPK,150,COMPOUND,50,fEces,15,44,60,Bago,25,90
291,rainy paddy,ferriasol ,6,45,NPK,120,COMPOUND,50,F eces,15,44,60,Bago,25,80
292,rainy paddy,ferriasol ,6,35,npk,120,COMPOUND,50,Feces,15,36,60,Bago,25,80
293,rainy paddy,ferriasol ,6,3,compound,50,npk,120,Feces,15,36,60,Bago,29,80
294,Maize,acrisol,7,15,NPK,50,u rea,50,nth,0,0.5,0,Shan,,45
295,Maize,acrisol,7,15,,50,urea,50,nth,0,0.5,0,Shan,,45
296,Maize,a crisol,7,15,,50,Urea ,50,nth,0,0.5,0,Shan,19,55
297,rainy paddy,ferriasol ,6,40,NPK,100,Compound,50,feces,15,60,90,Bago,27,85
298,rainy paddy,ferriasol ,6,45,NPK,100,Compound,50,feces,0,44,90,Bago,27,85
299,summer paddy,fluvisols,11,32,Npk,180,compound,50,biocomposer,1,62,80,Ayeyarwady,32,90
300,summer paddy,fluvisols,11,32,NPK,185,compound,50,biocomposer,1,62,80,Ayeyarwady,32,90
301,rainy paddy,ferriasol ,6,35,npk,120,COMPOUND,50,Feces,15,36,60,Bago,25,80
302,rainy paddy,ferriasol ,6,3,compound,50,npk,120,Feces,15,36,60,Bago,29,80
303,Maize,acrisol,7,15,NPK,50,u rea,50,nth,0,0.5,0,Shan,,45
304,Maize,acrisol,7,15,,50,urea,50,nth,0,0.5,0,Shan,,45
305,summer paddy,ferriasol ,11,40,NPK,150,npk,120,feces,15,62,95,Bago,28,95
306,summer paddy,ferriasol ,11,35,NPK,150,npk,120,,,62,950,Bago,28,110
307,summer paddy,ferriasol ,11,35,npk,150,Compound,50,feces,0,62,950,Bago,27,110
308,summer paddy,ferriasol ,11,35,compound,1000,npk,150,feces,0,62,950,Bago,27,110
309,summer paddy,ferriasol ,11,35,compound,5000,ComPound,50,feces,0,70,80,Bago,27,105
310,summer paddy,ferriasol ,11,35,npk,130,ComPound,50,feces,0,70,80,Bago,27,105
311,summer paddy,ferriasol ,11,35,compound,50,npk,120,feces,0,44,0,Bago,27,105
312,Maize,vertisols,7,5,URea,100,C ompound,95,greenmanure,1,0.5,0,Mandalay,25,100
313,Maize,vertisols,7,5,urea,100,compound,95,greenmanure,1,0.5,0,Mandalay,25,95
314,summer paddy,fluvisols,11,32,Npk,180,compound,50,biocomposer,1,62,80,Ayeyarwady,32,90
315,summer paddy,fluvisols,11,32,NPK,185,compound,50,biocomposer,1,62,80,Ayeyarwady,32,90
316,rainy paddy,ferriasol ,6,35,npk,120,COMPOUND,50,Feces,15,36,60,Bago,25,80
317,rainy paddy,ferriasol ,6,3,compound,50,npk,120,Feces,15,36,60,Bago,29,80
318,Maize,acrisol,7,15,NPK,50,u rea,50,nth,0,0.5,0,Shan,,45
319,Maize,acrisol,7,15,,50,urea,50,nth,0,0.5,0,Shan,,45
320,summer paddy,ferriasol ,11,40,NPK,150,npk,120,feces,15,62,95,Bago,28,95
321,summer paddy,ferriasol ,11,35,NPK,150,npk,120,,,62,950,Bago,28,110
322,summer paddy,ferriasol ,11,35,npk,150,Compound,50,feces,0,62,950,Bago,27,110
323,summer paddy,ferriasol ,11,35,compound,1000,npk,150,feces,0,62,950,Bago,27,110
324,rainy paddy,ferriasol ,6,35,NPK,100,compound,50,feces,15,60,90,Bago,27,80
325,rainy paddy,ferriasol ,6,36,NPK,120,Compound,50,feces,15,60,90,Bago,27,80
326,rainy paddy,ferriasol ,6,35,NPK,150,Compound,50,feces,15,60,90,Bago,27,85
327,rainy paddy,ferriasol ,6,38,NPK,150,Compound,50,feces,15,60,90,Bago,27,85
328,rainy paddy,ferriasol ,6,40,NPK,100,Compound,50,feces,15,60,90,Bago,27,85
329,rainy paddy,ferriasol ,6,45,NPK,100,Compound,50,feces,,44,90,Bago,27,85
330,rainy paddy,ferriasol ,6,40,NPK,100,Compound,50,Feces,,44,90,Bago,25,90
331,rainy paddy,ferriasol ,6,45,NPK,150,COMPOUND,50,Feces,15,44,90,Bago,25,90
332,rainy paddy,ferriasol ,6,45,NPK,150,COMPOUND,50,fEces,15,44,60,Bago,25,90
333,rainy paddy,ferriasol ,6,45,NPK,120,COMPOUND,50,F eces,15,44,60,Bago,25,80
334,rainy paddy,ferriasol ,6,35,npk,120,COMPOUND,50,Feces,15,36,60,Bago,25,80
335,rainy paddy,ferriasol ,6,3,compound,50,npk,120,Feces,15,36,60,Bago,29,80
336,rainy paddy,ferriasol ,6,35,compound,50,npk,150,Feces,20,36,60,Bago,29,80
337,rainy paddy,ferriasol ,6,40,npk,100,Compound,50,Feces,20,36,60,Bago,29,80
338,rainy paddy,ferriasol ,6,48,compound,50,npk,150,Feces,20,36,0,Bago,29,85
339,rainy paddy,ferriasol ,6,38,Npk,100,ComPound,50,,,36,0,Bago,29,85
340,rainy paddy,ferriasol ,6,45,Npk,100,ComPound,50,,,18,0,Bago,29,85
341,rainy paddy,ferriasol ,6,45,Npk,1000,ComPound,50,,,18,0,Bago,29,85
342,rainy paddy,ferriasol ,6,40,NPK,130,ComPound,50,Feces,15,18,0,Bago,29,85
343,rainy paddy,ferriasol ,6,40,NPK,130,Cmpd,50,Feces,15,18,0,Bago,29,85
344,rainy paddy,ferriasol ,6,40,nPK,130,Compund,50,Feces,15,18,0,Bago,29,90
345,rainy paddy,ferriasol ,6,38,nPK,100,Compund,50,Feces,20,18,0,Bago,29,90
346,rainy paddy,ferriasol ,6,38,nPK,100,Compund,50,Feces,20,18,0,Bago,28,90
347,rainy paddy,ferriasol ,6,38,NpK,100,Compund,50,Feces,20,62,80,Bago,28,90
348,rainy paddy,ferriasol ,6,45,NpK,100,Compund,50,feces,20,62,80,Bago,28,90
349,rainy paddy,ferriasol ,6,45,NpK,150,COMPOUND,50,feces,115,62,80,Bago,28,90
350,rainy paddy,ferriasol ,6,45,NpK,150,COMPOUND,50,feces,15,62,80,Bago,28,100
351,rainy paddy,ferriasol ,6,40,,150,COMPOUND,50,feces,15,62,90,Bago,28,100
352,rainy paddy,ferriasol ,6,40,,150,COMPOUND,50,feces,,62,90,Bago,28,100
353,rainy paddy,ferriasol ,6,300,Npk,130,COMPOUND,50,feces,20,62,90,Bago,28,100
354,rainy paddy,ferriasol ,6,38,Npk,130,COMPOUND,50,feces,20,62,90,Bago,28,100
355,rainy paddy,ferriasol ,6,34,Npk,130,COMPOUND,50,feces,20,62,90,Bago,28,100
356,rainy paddy,ferriasol ,6,48,Npk,130,Compoun d,50,feces,20,62,90,Bago,28,100
357,rainy paddy,ferriasol ,6,50,Npk,150,Compoun d,50,feces,20,62,90,Bago,27,100
358,summer paddy,ferriasol ,11,35,NPK,150,COMPOUND,50,,,62,0,Bago,27,95
359,summer paddy,ferriasol ,11,35,NPK,150,COMPOUND,50,,0,62,0,Bago,28,95
360,summer paddy,ferriasol ,11,35,NPK,120,COMPOUND,50,feces,0,62,0,Bago,28,95
361,summer paddy,ferriasol ,11,35,npk,120,COMPOUND,50,feces,0,62,90,Bago,28,95
362,summer paddy,ferriasol ,11,35,compound,50,npk,100,feces,0,62,90,Bago,28,95
363,summer paddy,ferriasol ,11,35,compound,50,npk,100,feces,0,62,90,Bago,28,95
364,summer paddy,ferriasol ,11,40,npk,100,Compound,50,feces,0,70,90,Bago,26,100
365,summer paddy,ferriasol ,11,40,compound,50,npk,,feces,15,70,90,Bago,26,100
366,summer paddy,ferriasol ,11,40,Npk,120,ComPound,,,,62,90,Bago,26,100
367,summer paddy,ferriasol ,11,40,Npk,120,ComPound,,,,62,90,Bago,26,100
368,summer paddy,ferriasol ,11,40,Npk,120,COMPOUND,50,feces,15,62,90,Bago,28,100
369,summer paddy,ferriasol ,11,40,NPK,120,COMPOUND,50,feces,15,62,95,Bago,28,100
370,summer paddy,ferriasol ,11,40,NPK,120,COMPOUND,50,feces,15,70,95,Bago,28,100
371,summer paddy,ferriasol ,11,40,NPK,150,COMPOUND,50,feces,15,70,95,Bago,28,110
372,summer paddy,ferriasol ,11,40,NPK,150,npk,120,feces,15,62,95,Bago,28,110
373,summer paddy,ferriasol ,11,35,NPK,150,npk,120,,,62,950,Bago,28,110
374,summer paddy,ferriasol ,11,35,npk,150,Compound,50,feces,0,62,950,Bago,27,110
375,summer paddy,ferriasol ,11,35,compound,1000,npk,150,feces,0,62,950,Bago,27,110
376,summer paddy,ferriasol ,11,35,compound,5000,ComPound,50,feces,0,70,80,Bago,27,105
377,summer paddy,ferriasol ,11,35,npk,130,ComPound,50,feces,0,70,80,Bago,27,105
378,summer paddy,ferriasol ,11,35,compound,50,npk,120,feces,0,44,0,Bago,27,105
379,rainy paddy,fluvisols,6,48,NPK,75,Compound,50,biocomposer,1,60,80,Ayeyarwady,29,50
380,rainy paddy,fluvisols,6,48,NPK,75,Compound,50,biocomposer,1,60,80,Ayeyarwady,29,50
381,rainy paddy,fluvisols,6,48,NPK,75,Compound,50,biocomposer,1,60,80,Ayeyarwady,29,50
382,summer paddy,ferriasol ,11,35,compound,5000,ComPound,50,feces,0,70,80,Bago,27,105
383,summer paddy,ferriasol ,11,35,npk,130,ComPound,50,feces,0,70,80,Bago,27,105
384,summer paddy,ferriasol ,11,35,compound,50,npk,120,feces,0,44,0,Bago,27,105
385,Maize,vertisols,7,5,URea,100,C ompound,95,greenmanure,1,0.5,0,Mandalay,25,100
386,Maize,vertisols,7,5,urea,100,compound,95,greenmanure,1,0.5,0,Mandalay,25,95
387,summer paddy,fluvisols,11,32,Npk,180,compound,50,biocomposer,1,62,80,Ayeyarwady,32,90
388,summer paddy,fluvisols,11,32,NPK,185,compound,50,biocomposer,1,62,80,Ayeyarwady,32,90
389,rainy paddy,ferriasol ,6,35,npk,120,COMPOUND,50,Feces,15,36,60,Bago,25,80
390,rainy paddy,ferriasol ,6,3,compound,50,npk,120,Feces,15,36,60,Bago,29,80
391,Maize,acrisol,7,15,NPK,50,u rea,50,nth,0,0.5,0,Shan,,45
392,Maize,acrisol,7,15,,50,urea,50,nth,0,0.5,0,Shan,,45
393,summer paddy,ferriasol ,11,40,NPK,150,npk,120,feces,15,62,95,Bago,28,95
394,summer paddy,ferriasol ,11,35,NPK,150,npk,120,,,62,950,Bago,28,110
395,summer paddy,ferriasol ,11,35,npk,150,Compound,50,feces,0,62,950,Bago,27,110
396,summer paddy,ferriasol ,11,35,compound,1000,npk,150,feces,0,62,950,Bago,27,110
397,rainy paddy,ferriasol ,6,35,NPK,100,compound,50,feces,15,60,90,Bago,27,80
398,rainy paddy,ferriasol ,6,36,NPK,120,Compound,50,feces,15,60,90,Bago,27,80
399,rainy paddy,ferriasol ,6,35,NPK,150,Compound,50,feces,15,60,90,Bago,27,85
400,rainy paddy,ferriasol ,6,38,NPK,150,Compound,50,feces,15,60,90,Bago,27,85
401,rainy paddy,ferriasol ,6,40,NPK,100,Compound,50,feces,15,60,90,Bago,27,85
402,rainy paddy,ferriasol ,6,45,NPK,100,Compound,50,feces,,44,90,Bago,27,85
403,rainy paddy,ferriasol ,6,40,NPK,100,Compound,50,Feces,,44,90,Bago,25,90
404,rainy paddy,ferriasol ,6,45,NPK,150,COMPOUND,50,Feces,15,44,90,Bago,25,90
405,rainy paddy,ferriasol ,6,45,NPK,150,COMPOUND,50,fEces,15,44,60,Bago,25,90
406,rainy paddy,ferriasol ,6,45,NPK,120,COMPOUND,50,F eces,15,44,60,Bago,25,80
407,rainy paddy,ferriasol ,6,35,npk,120,COMPOUND,50,Feces,15,36,60,Bago,25,80
408,rainy paddy,ferriasol ,6,3,compound,50,npk,120,Feces,15,36,60,Bago,29,80
409,rainy paddy,ferriasol ,6,35,compound,50,npk,150,Feces,20,36,60,Bago,29,80
410,rainy paddy,ferriasol ,6,40,npk,100,Compound,50,Feces,20,36,60,Bago,29,80
411,rainy paddy,ferriasol ,6,48,compound,50,npk,150,Feces,20,36,0,Bago,29,85
412,rainy paddy,ferriasol ,6,38,Npk,100,ComPound,50,,,36,0,Bago,29,85
413,rainy paddy,ferriasol ,6,45,Npk,100,ComPound,50,,,18,0,Bago,29,85
414,rainy paddy,ferriasol ,6,45,Npk,1000,ComPound,50,,,18,0,Bago,29,85
415,rainy paddy,ferriasol ,6,40,NPK,130,ComPound,50,Feces,15,18,0,Bago,29,85
416,rainy paddy,ferriasol ,6,40,NPK,130,Cmpd,50,Feces,15,18,0,Bago,29,85
417,rainy paddy,ferriasol ,6,40,nPK,130,Compund,50,Feces,15,18,0,Bago,29,90
418,rainy paddy,ferriasol ,6,38,nPK,100,Compund,50,Feces,20,18,0,Bago,29,90
419,rainy paddy,ferriasol ,6,38,nPK,100,Compund,50,Feces,20,18,0,Bago,28,90
420,rainy paddy,ferriasol ,6,38,NpK,100,Compund,50,Feces,20,62,80,Bago,28,90
421,rainy paddy,ferriasol ,6,45,NpK,100,Compund,50,feces,20,62,80,Bago,28,90
422,rainy paddy,ferriasol ,6,45,NpK,150,COMPOUND,50,feces,115,62,80,Bago,28,90
423,rainy paddy,ferriasol ,6,45,NpK,150,COMPOUND,50,feces,15,62,80,Bago,28,100
424,rainy paddy,ferriasol ,6,40,,150,COMPOUND,50,feces,15,62,90,Bago,28,100
425,rainy paddy,ferriasol ,6,40,,150,COMPOUND,50,feces,,62,90,Bago,28,100
426,rainy paddy,ferriasol ,6,300,Npk,130,COMPOUND,50,feces,20,62,90,Bago,28,100
427,rainy paddy,ferriasol ,6,38,Npk,130,COMPOUND,50,feces,20,62,90,Bago,28,100
428,rainy paddy,ferriasol ,6,34,Npk,130,COMPOUND,50,feces,20,62,90,Bago,28,100
429,rainy paddy,ferriasol ,6,48,Npk,130,Compoun d,50,feces,20,62,90,Bago,28,100
430,rainy paddy,ferriasol ,6,50,Npk,150,Compoun d,50,feces,20,62,90,Bago,27,100
431,summer paddy,ferriasol ,11,35,NPK,150,COMPOUND,50,,,62,0,Bago,27,95
432,summer paddy,ferriasol ,11,35,NPK,150,COMPOUND,50,,0,62,0,Bago,28,95
433,summer paddy,ferriasol ,11,35,NPK,120,COMPOUND,50,feces,0,62,0,Bago,28,95
434,summer paddy,ferriasol ,11,35,npk,120,COMPOUND,50,feces,0,62,90,Bago,28,95
435,summer paddy,ferriasol ,11,35,compound,50,npk,100,feces,0,62,90,Bago,28,95
436,summer paddy,ferriasol ,11,35,compound,50,npk,100,feces,0,62,90,Bago,28,95
437,summer paddy,ferriasol ,11,40,npk,100,Compound,50,feces,0,70,90,Bago,26,100
438,summer paddy,ferriasol ,11,40,compound,50,npk,,feces,15,70,90,Bago,26,100
439,summer paddy,ferriasol ,11,40,Npk,120,ComPound,,,,62,90,Bago,26,100
440,summer paddy,ferriasol ,11,40,Npk,120,ComPound,,,,62,90,Bago,26,100
441,summer paddy,ferriasol ,11,40,Npk,120,COMPOUND,50,feces,15,62,90,Bago,28,100
442,summer paddy,ferriasol ,11,40,NPK,120,COMPOUND,50,feces,15,62,95,Bago,28,100
443,summer paddy,ferriasol ,11,40,NPK,120,COMPOUND,50,feces,15,70,95,Bago,28,100
444,summer paddy,ferriasol ,11,40,NPK,150,COMPOUND,50,feces,15,70,95,Bago,28,110
445,summer paddy,ferriasol ,11,40,NPK,150,npk,120,feces,15,62,95,Bago,28,110
446,summer paddy,ferriasol ,11,35,NPK,150,npk,120,,,62,950,Bago,28,110
447,summer paddy,ferriasol ,11,35,npk,150,Compound,50,feces,0,62,950,Bago,27,110
448,summer paddy,ferriasol ,11,35,compound,1000,npk,150,feces,0,62,950,Bago,27,110
449,summer paddy,ferriasol ,11,35,compound,5000,ComPound,50,feces,0,70,80,Bago,27,105
450,summer paddy,ferriasol ,11,35,npk,130,ComPound,50,feces,0,70,80,Bago,27,105
451,summer paddy,ferriasol ,11,35,compound,50,npk,120,feces,0,44,0,Bago,27,105
452,rainy paddy,fluvisols,6,48,NPK,75,Compound,50,biocomposer,1,60,80,Ayeyarwady,29,50
453,rainy paddy,fluvisols,6,48,NPK,75,Compound,50,biocomposer,1,60,80,Ayeyarwady,29,50
454,rainy paddy,fluvisols,6,48,NPK,75,Compound,50,biocomposer,1,60,80,Ayeyarwady,29,50
455,summer paddy,ferriasol ,11,40,NPK,150,COMPOUND,50,feces,15,70,95,Bago,28,110
456,summer paddy,ferriasol ,11,40,NPK,150,npk,120,feces,15,62,95,Bago,28,110
457,summer paddy,ferriasol ,11,35,NPK,150,npk,120,,,62,950,Bago,28,110
458,summer paddy,ferriasol ,11,35,npk,150,Compound,50,feces,0,62,950,Bago,27,110
459,summer paddy,ferriasol ,11,35,compound,1000,npk,150,feces,0,62,950,Bago,27,110
460,summer paddy,ferriasol ,11,35,compound,5000,ComPound,50,feces,0,70,80,Bago,27,105
461,summer paddy,ferriasol ,11,35,npk,130,ComPound,50,feces,0,70,80,Bago,27,105
462,summer paddy,ferriasol ,11,35,compound,50,npk,120,feces,0,44,0,Bago,27,105
463,rainy paddy,fluvisols,6,48,NPK,75,Compound,50,biocomposer,1,60,80,Ayeyarwady,29,50
464,rainy paddy,fluvisols,6,48,NPK,75,Compound,50,biocomposer,1,60,80,Ayeyarwady,29,50
465,rainy paddy,fluvisols,6,48,NPK,75,Compound,50,biocomposer,1,60,80,Ayeyarwady,29,50
466,summer paddy,ferriasol ,11,40,NPK,150,COMPOUND,50,feces,15,70,95,Bago,28,110
467,summer paddy,ferriasol ,11,40,NPK,150,npk,120,feces,15,62,95,Bago,28,110
468,summer paddy,ferriasol ,11,35,NPK,150,npk,120,,,62,950,Bago,28,110
469,summer paddy,ferriasol ,11,35,npk,150,Compound,50,feces,0,62,950,Bago,27,110
470,summer paddy,ferriasol ,11,35,compound,1000,npk,150,feces,0,62,950,Bago,27,110
471,summer paddy,ferriasol ,11,35,compound,5000,ComPound,50,feces,0,70,80,Bago,27,105
472,summer paddy,ferriasol ,11,35,npk,130,ComPound,50,feces,0,70,80,Bago,27,105
473,summer paddy,ferriasol ,11,35,compound,50,npk,120,feces,0,44,0,Bago,27,105
474,rainy paddy,fluvisols,6,48,NPK,75,Compound,50,biocomposer,1,60,80,Ayeyarwady,29,50
475,rainy paddy,fluvisols,6,48,NPK,75,Compound,50,biocomposer,1,60,80,Ayeyarwady,29,50
476,rainy paddy,fluvisols,6,48,NPK,75,Compound,50,biocomposer,1,60,80,Ayeyarwady,29,50
477,summer paddy,ferriasol ,11,35,compound,50,npk,120,feces,0,44,0,Bago,27,105
478,Maize,vertisols,7,5,URea,100,C ompound,95,greenmanure,1,0.5,0,Mandalay,25,100
479,Maize,vertisols,7,5,urea,100,compound,95,greenmanure,1,0.5,0,Mandalay,25,95
480,summer paddy,fluvisols,11,32,Npk,180,compound,50,biocomposer,1,62,80,Ayeyarwady,32,90
481,summer paddy,fluvisols,11,32,NPK,185,compound,50,biocomposer,1,62,80,Ayeyarwady,32,90
482,rainy paddy,ferriasol ,6,35,npk,120,COMPOUND,50,Feces,15,36,60,Bago,25,80
483,rainy paddy,ferriasol ,6,3,compound,50,npk,120,Feces,15,36,60,Bago,29,80
484,Maize,acrisol,7,15,NPK,50,u rea,50,nth,0,0.5,0,Shan,,45
485,Maize,acrisol,7,15,,50,urea,50,nth,0,0.5,0,Shan,,45
486,summer paddy,ferriasol ,11,40,NPK,150,npk,120,feces,15,62,95,Bago,28,95
487,summer paddy,ferriasol ,11,35,NPK,150,npk,120,,,62,950,Bago,28,110
488,rainy paddy,ferriasol ,6,3,compound,50,npk,120,Feces,15,36,60,Bago,29,80
489,Maize,acrisol,7,15,NPK,50,u rea,50,nth,0,0.5,0,Shan,,45
490,Maize,acrisol,7,15,,50,urea,50,nth,0,0.5,0,Shan,,45
491,summer paddy,ferriasol ,11,40,NPK,150,npk,120,feces,15,62,95,Bago,28,95
492,summer paddy,ferriasol ,11,35,NPK,150,npk,120,,,62,950,Bago,28,110
493,rainy paddy,ferriasol ,6,3,compound,50,npk,120,Feces,15,36,60,Bago,29,80
494,Maize,acrisol,7,15,NPK,50,u rea,50,nth,0,0.5,0,Shan,,45
495,Maize,acrisol,7,15,,50,urea,50,nth,0,0.5,0,Shan,,45
496,summer paddy,ferriasol ,11,40,NPK,150,npk,120,feces,15,62,95,Bago,28,95
497,summer paddy,ferriasol ,11,35,NPK,150,npk,120,,,62,950,Bago,28,110
498,Maize,acrisol,7,15,,50,urea,50,nth,0,0.5,0,Shan,,45
499,summer paddy,ferriasol ,11,40,NPK,150,npk,120,feces,15,62,95,Bago,28,95
